{
  "10": {
    "x1": 1.5806838562425298,
    "x2": 5.5922251922120285
  },
  "11": {
    "x1": 1.6263480580918248,
    "x2": 4.645293745800311
  },
  "12": {
    "x1": 0.3713287016483493,
    "x2": 3.320238450361492
  },
  "13": {
    "x1": -0.58236139796744,
    "x2": 3.650164041495925
  },
  "14": {
    "x1": 0.3321730353997694,
    "x2": 4.483912158505844
  },
  "15": {
    "x1": 0.7638807238350322,
    "x2": 4.7062138976288415
  },
  "16": {
    "x1": 4.933581419116818,
    "x2": 2.7364851739883314
  },
  "17": {
    "x1": 0.7242059746181368,
    "x2": 5.295331237507291
  },
  "18": {
    "x1": 5.366297543082444,
    "x2": 2.6598645417704176
  },
  "19": {
    "x1": 5.114954022951011,
    "x2": 2.028981467564118
  },
  "20": {
    "x1": 4.84885879319755,
    "x2": 1.3804472580999558
  },
  "21": {
    "x1": 5.1295938711624025,
    "x2": 1.9867055977853365
  },
  "22": {
    "x1": 5.396294792847524,
    "x2": 1.8105134414238782
  },
  "23": {
    "x1": 4.866867406466074,
    "x2": 1.0585643032342675
  },
  "24": {
    "x1": 5.200746406090149,
    "x2": 1.1464369988991683
  },
  "25": {
    "x1": 3.634003356170206,
    "x2": 0.36927154020682806
  },
  "26": {
    "x1": 3.9394337415879814,
    "x2": 5.00984110798639
  },
  "27": {
    "x1": 4.725565176717561,
    "x2": 5.576567251808683
  },
  "28": {
    "x1": 3.5422951286604105,
    "x2": 0.02441386206159102
  },
  "29": {
    "x1": 3.493618128512657,
    "x2": 6.829732608869632
  },
  "30": {
    "x1": 4.558915005880413,
    "x2": 5.6383371570963146
  },
  "31": {
    "x1": 3.6752496470207436,
    "x2": 5.792923039441838
  },
  "32": {
    "x1": 4.75810920236456,
    "x2": 5.581736420132171
  },
  "33": {
    "x1": 5.43927667180534,
    "x2": -0.40052683117414745
  },
  "34": {
    "x1": 3.6803097246095984,
    "x2": 5.173100478374884
  },
  "35": {
    "x1": 2.8855037022851127,
    "x2": 6.279594714394304
  },
  "36": {
    "x1": 4.320665891841543,
    "x2": 5.766767608590461
  },
  "37": {
    "x1": 3.83111031970142,
    "x2": 5.989853249863657
  },
  "38": {
    "x1": 4.80877498614162,
    "x2": 0.3013953693972482
  },
  "39": {
    "x1": 1.1226667815865126,
    "x2": 5.760936729518248
  },
  "40": {
    "x1": 0.5751740990570662,
    "x2": 4.076663672965626
  },
  "41": {
    "x1": 0.9205185893391956,
    "x2": 5.1277399927609775
  },
  "42": {
    "x1": -0.9004785572166383,
    "x2": 3.6835577108779667
  },
  "43": {
    "x1": 3.073850155123595,
    "x2": -0.7145717873459745
  },
  "44": {
    "x1": 0.8537316869290992,
    "x2": 6.340196816544454
  },
  "45": {
    "x1": 4.33094968643355,
    "x2": -0.9709403521823123
  },
  "46": {
    "x1": 1.9530247252959674,
    "x2": 6.05588256485563
  },
  "47": {
    "x1": 5.510892201336679,
    "x2": 0.8688120825507344
  },
  "48": {
    "x1": -0.8125488840093213,
    "x2": 3.470769162114183
  },
  "49": {
    "x1": 0.5864246597869274,
    "x2": 4.835077082840209
  },
  "50": {
    "x1": 0.3621571625570379,
    "x2": 3.682044307835059
  }
}
